0;1;50;5;5;0;0;0
0;2;70;10;5;0;0;0
0;3;130;15;10;5;0;0
0;4;200;20;10;5;0;0
0;5;270;30;15;5;0;0
0;6;330;35;20;5;0;0
0;7;420;45;25;10;5;0
0;8;490;50;25;10;5;0
0;9;570;60;30;10;5;0
0;10;650;65;35;10;5;0
0;11;667;75;40;15;5;0
0;12;683;85;45;15;5;0
0;13;700;95;50;15;5;0
0;14;718;100;50;15;5;0
0;15;736;110;55;20;5;0
0;16;754;120;60;20;5;0
0;17;773;130;65;20;5;0
0;18;792;140;70;25;5;0
0;19;812;150;75;25;5;0
0;20;833;155;80;25;5;0
0;21;853;165;85;30;10;0
0;22;875;175;90;30;10;0
0;23;897;185;95;30;10;0
0;24;919;195;100;35;10;0
0;25;942;205;105;35;10;0
0;26;965;215;110;35;10;0
0;27;990;225;115;40;10;0
0;28;1014;235;120;40;10;0
0;29;1040;245;125;40;10;0
0;30;1066;255;130;45;10;0
0;31;1092;265;135;45;10;0
0;32;1120;275;140;45;10;0
0;33;1147;285;145;50;15;5
0;34;1176;300;150;50;15;5
0;35;1206;310;155;50;15;5
0;36;1236;320;160;55;15;5
0;37;1267;330;165;55;15;5
0;38;1298;340;170;55;15;5
0;39;1331;350;175;60;15;5
0;40;1364;365;185;60;15;5
0;41;1398;375;190;65;15;5
0;42;1433;385;195;65;15;5
0;43;1469;395;200;65;15;5
0;44;1505;405;205;70;20;5
0;45;1543;420;210;70;20;5
0;46;1582;430;215;70;20;5
0;47;1621;440;220;75;20;5
0;48;1662;450;225;75;20;5
0;49;1703;465;235;80;20;5
0;50;1746;475;240;80;20;5
0;51;1789;485;245;80;20;5
0;52;1834;500;250;85;20;5
0;53;1880;510;255;85;20;5
0;54;1927;520;260;85;20;5
0;55;1975;535;270;90;25;5
0;56;2025;545;275;90;25;5
0;57;2075;555;280;95;25;5
0;58;2127;570;285;95;25;5
0;59;2180;580;290;95;25;5
0;60;2235;590;295;100;25;5
0;61;2290;605;305;100;25;5
0;62;2348;615;310;105;25;5
0;63;2406;630;315;105;25;5
0;64;2467;640;320;105;25;5
0;65;2528;650;325;110;30;5
0;66;2591;665;335;110;30;5
0;67;2656;675;340;115;30;5
0;68;2723;690;345;115;30;5
0;69;2791;700;350;115;30;5
0;70;2860;715;360;120;30;5
0;71;2932;725;365;120;30;5
0;72;3005;735;370;125;30;5
0;73;3080;750;375;125;30;5
0;74;3157;760;380;125;30;5
0;75;3236;775;390;130;35;5
0;76;3317;785;395;130;35;5
0;77;3400;800;400;135;35;5
0;78;3485;810;405;135;35;5
0;79;3572;825;415;140;35;5
0;80;3661;835;420;140;35;5
0;81;3753;850;425;140;35;5
0;82;3847;860;430;145;35;5
0;83;3943;875;440;145;35;5
0;84;4041;890;445;150;40;10
0;85;4142;900;450;150;40;10
0;86;4246;915;460;155;40;10
0;87;4352;925;465;155;40;10
0;88;4461;940;470;155;40;10
0;89;4572;950;475;160;40;10
0;90;4687;965;485;160;40;10
0;91;4804;975;490;165;40;10
0;92;4924;990;495;165;40;10
0;93;5047;1005;505;170;45;10
0;94;5173;1015;510;170;45;10
0;95;5303;1030;515;170;45;10
0;96;5435;1040;520;175;45;10
0;97;5571;1055;530;175;45;10
0;98;5710;1070;535;180;45;10
0;99;5853;1080;540;180;45;10
0;100;5999;1095;550;185;45;10
0;101;6149;1110;555;185;45;10
0;102;6303;1120;560;185;45;10
0;103;6461;1135;570;190;50;10
0;104;6622;1150;575;190;50;10
0;105;6788;1160;580;195;50;10
0;106;6957;1175;590;195;50;10
0;107;7131;1190;595;200;50;10
0;108;7309;1200;600;200;50;10
0;109;7492;1215;610;205;50;10
0;110;7679;1230;615;205;50;10
0;111;7871;1240;620;205;50;10
0;112;8068;1255;630;210;55;10
0;113;8270;1270;635;210;55;10
0;114;8477;1280;640;215;55;10
0;115;8688;1295;650;215;55;10
0;116;8906;1310;655;220;55;10
0;117;9128;1325;665;220;55;10
0;118;9357;1335;670;225;55;10
0;119;9590;1350;675;225;55;10
0;120;9830;1365;685;230;60;10
0;121;10076;1380;690;230;60;10
0;122;10328;1390;695;230;60;10
0;123;10586;1405;705;235;60;10
0;124;10851;1420;710;235;60;10
0;125;11122;1430;715;240;60;10
0;126;11400;1445;725;240;60;10
0;127;11685;1460;730;245;60;10
0;128;11977;1475;740;245;60;10
0;129;12276;1490;745;250;65;15
0;130;12583;1500;750;250;65;15
0;131;12898;1515;760;255;65;15
0;132;13220;1530;765;255;65;15
0;133;13551;1545;775;260;65;15
0;134;13890;1555;780;260;65;15
0;135;14237;1570;785;260;65;15
1;1;40;5;5;0;0;0
1;2;60;10;5;0;0;0
1;3;100;10;5;0;0;0
1;4;150;15;10;5;0;0
1;5;210;25;15;5;0;0
1;6;270;30;15;5;0;0
1;7;330;35;20;5;0;0
1;8;380;40;20;5;0;0
1;9;450;45;25;10;5;0
1;10;510;55;30;10;5;0
1;11;523;60;30;10;5;0
1;12;536;65;35;10;5;0
1;13;550;75;40;15;5;0
1;14;563;80;40;15;5;0
1;15;578;85;45;15;5;0
1;16;592;95;50;15;5;0
1;17;607;100;50;15;5;0
1;18;622;110;55;20;5;0
1;19;637;115;60;20;5;0
1;20;653;125;65;20;5;0
1;21;670;130;65;20;5;0
1;22;686;140;70;25;5;0
1;23;704;145;75;25;5;0
1;24;721;155;80;25;5;0
1;25;739;160;80;25;5;0
1;26;758;170;85;30;10;0
1;27;777;180;90;30;10;0
1;28;796;185;95;30;10;0
1;29;816;195;100;35;10;0
1;30;836;200;100;35;10;0
1;31;857;210;105;35;10;0
1;32;879;220;110;35;10;0
1;33;900;225;115;40;10;0
1;34;923;235;120;40;10;0
1;35;946;245;125;40;10;0
1;36;970;250;125;40;10;0
1;37;994;260;130;45;10;0
1;38;1019;270;135;45;10;0
1;39;1044;275;140;45;10;0
1;40;1070;285;145;50;15;5
1;41;1097;295;150;50;15;5
1;42;1124;300;150;50;15;5
1;43;1153;310;155;50;15;5
1;44;1181;320;160;55;15;5
1;45;1211;330;165;55;15;5
1;46;1241;340;170;55;15;5
1;47;1272;345;175;60;15;5
1;48;1304;355;180;60;15;5
1;49;1336;365;185;60;15;5
1;50;1370;375;190;65;15;5
1;51;1404;380;190;65;15;5
1;52;1439;390;195;65;15;5
1;53;1475;400;200;65;15;5
1;54;1512;410;205;70;20;5
1;55;1550;420;210;70;20;5
1;56;1589;430;215;70;20;5
1;57;1628;440;220;75;20;5
1;58;1669;445;225;75;20;5
1;59;1711;455;230;75;20;5
1;60;1753;465;235;80;20;5
1;61;1797;475;240;80;20;5
1;62;1842;485;245;80;20;5
1;63;1888;495;250;85;20;5
1;64;1935;505;255;85;20;5
1;65;1984;510;255;85;20;5
1;66;2033;520;260;85;20;5
1;67;2084;530;265;90;25;5
1;68;2136;540;270;90;25;5
1;69;2190;550;275;90;25;5
1;70;2244;560;280;95;25;5
1;71;2300;570;285;95;25;5
1;72;2358;580;290;95;25;5
1;73;2417;590;295;100;25;5
1;74;2477;600;300;100;25;5
1;75;2539;610;305;100;25;5
1;76;2603;620;310;105;25;5
1;77;2668;630;315;105;25;5
1;78;2734;640;320;105;25;5
1;79;2803;650;325;110;30;5
1;80;2873;660;330;110;30;5
1;81;2945;670;335;110;30;5
1;82;3018;680;340;115;30;5
1;83;3094;690;345;115;30;5
1;84;3171;700;350;115;30;5
1;85;3250;710;355;120;30;5
1;86;3332;720;360;120;30;5
1;87;3415;730;365;120;30;5
1;88;3500;740;370;125;30;5
1;89;3588;750;375;125;30;5
1;90;3677;760;380;125;30;5
1;91;3769;770;385;130;35;5
1;92;3864;780;390;130;35;5
1;93;3960;790;395;130;35;5
1;94;4059;800;400;135;35;5
1;95;4161;810;405;135;35;5
1;96;4265;820;410;135;35;5
1;97;4371;830;415;140;35;5
1;98;4480;840;420;140;35;5
1;99;4592;850;425;140;35;5
1;100;4707;860;430;145;35;5
1;101;4825;870;435;145;35;5
1;102;4945;880;440;145;35;5
1;103;5069;890;445;150;40;10
1;104;5196;905;455;150;40;10
1;105;5326;915;460;155;40;10
1;106;5459;925;465;155;40;10
1;107;5595;935;470;155;40;10
1;108;5735;945;475;160;40;10
1;109;5879;955;480;160;40;10
1;110;6025;965;485;160;40;10
1;111;6176;975;490;165;40;10
1;112;6331;985;495;165;40;10
1;113;6489;995;500;165;40;10
1;114;6651;1010;505;170;45;10
1;115;6817;1020;510;170;45;10
1;116;6988;1030;515;170;45;10
1;117;7162;1040;520;175;45;10
1;118;7341;1050;525;175;45;10
1;119;7525;1060;530;175;45;10
1;120;7713;1070;535;180;45;10
1;121;7906;1085;545;180;45;10
1;122;8103;1095;550;185;45;10
1;123;8306;1105;555;185;45;10
1;124;8514;1115;560;185;45;10
1;125;8726;1125;565;190;50;10
1;126;8945;1135;570;190;50;10
1;127;9168;1150;575;190;50;10
1;128;9397;1160;580;195;50;10
1;129;9632;1170;585;195;50;10
1;130;9873;1180;590;195;50;10
1;131;10120;1190;595;200;50;10
1;132;10373;1200;600;200;50;10
1;133;10632;1215;610;205;50;10
1;134;10898;1225;615;205;50;10
1;135;11171;1235;620;205;50;10
1;136;11450;1245;625;210;55;10
1;137;11736;1255;630;210;55;10
1;138;12029;1270;635;210;55;10
1;139;12330;1280;640;215;55;10
1;140;12638;1290;645;215;55;10
1;141;12954;1300;650;215;55;10
1;142;13278;1310;655;220;55;10
1;143;13610;1325;665;220;55;10
1;144;13950;1335;670;225;55;10
1;145;14299;1345;675;225;55;10
1;146;14657;1355;680;225;55;10
1;147;15023;1370;685;230;60;10
1;148;15398;1380;690;230;60;10
1;149;15783;1390;695;230;60;10
1;150;16178;1400;700;235;60;10
1;151;16582;1415;710;235;60;10
1;152;16997;1425;715;240;60;10
1;153;17422;1435;720;240;60;10
1;154;17857;1445;725;240;60;10
1;155;18304;1460;730;245;60;10
1;156;18761;1470;735;245;60;10
1;157;19230;1480;740;245;60;10
1;158;19711;1490;745;250;65;15
1;159;20204;1505;755;250;65;15
1;160;20709;1515;760;255;65;15
1;161;21227;1525;765;255;65;15
2;1;40;5;5;0;0;0
2;2;60;10;5;0;0;0
2;3;120;15;10;5;0;0
2;4;170;20;10;5;0;0
2;5;220;25;15;5;0;0
2;6;290;30;15;5;0;0
2;7;360;40;20;5;0;0
2;8;420;45;25;10;5;0
2;9;490;50;25;10;5;0
2;10;550;60;30;10;5;0
2;11;564;65;35;10;5;0
2;12;578;70;35;10;5;0
2;13;593;80;40;15;5;0
2;14;608;85;45;15;5;0
2;15;623;95;50;15;5;0
2;16;638;105;55;20;5;0
2;17;654;110;55;20;5;0
2;18;671;120;60;20;5;0
2;19;687;125;65;20;5;0
2;20;705;135;70;25;5;0
2;21;722;145;75;25;5;0
2;22;740;150;75;25;5;0
2;23;759;160;80;25;5;0
2;24;778;170;85;30;10;0
2;25;797;175;90;30;10;0
2;26;817;185;95;30;10;0
2;27;837;195;100;35;10;0
2;28;858;200;100;35;10;0
2;29;880;210;105;35;10;0
2;30;902;220;110;35;10;0
2;31;924;230;115;40;10;0
2;32;947;240;120;40;10;0
2;33;971;245;125;40;10;0
2;34;995;255;130;45;10;0
2;35;1020;265;135;45;10;0
2;36;1046;275;140;45;10;0
2;37;1072;285;145;50;15;5
2;38;1099;290;145;50;15;5
2;39;1126;300;150;50;15;5
2;40;1154;310;155;50;15;5
2;41;1183;320;160;55;15;5
2;42;1213;330;165;55;15;5
2;43;1243;340;170;55;15;5
2;44;1274;350;175;60;15;5
2;45;1306;360;180;60;15;5
2;46;1338;370;185;60;15;5
2;47;1372;380;190;65;15;5
2;48;1406;390;195;65;15;5
2;49;1441;400;200;65;15;5
2;50;1477;405;205;70;20;5
2;51;1514;415;210;70;20;5
2;52;1552;425;215;70;20;5
2;53;1591;435;220;75;20;5
2;54;1631;450;225;75;20;5
2;55;1671;455;230;75;20;5
2;56;1713;465;235;80;20;5
2;57;1756;475;240;80;20;5
2;58;1800;485;245;80;20;5
2;59;1845;495;250;85;20;5
2;60;1891;510;255;85;20;5
2;61;1938;520;260;85;20;5
2;62;1987;530;265;90;25;5
2;63;2036;540;270;90;25;5
2;64;2087;550;275;90;25;5
2;65;2139;560;280;95;25;5
2;66;2193;570;285;95;25;5
2;67;2248;580;290;95;25;5
2;68;2304;590;295;100;25;5
2;69;2361;600;300;100;25;5
2;70;2420;610;305;100;25;5
2;71;2481;620;310;105;25;5
2;72;2543;630;315;105;25;5
2;73;2606;645;325;110;30;5
2;74;2672;655;330;110;30;5
2;75;2738;665;335;110;30;5
2;76;2807;675;340;115;30;5
2;77;2877;685;345;115;30;5
2;78;2949;695;350;115;30;5
2;79;3023;705;355;120;30;5
2;80;3098;720;360;120;30;5
2;81;3176;730;365;120;30;5
2;82;3255;740;370;125;30;5
2;83;3336;750;375;125;30;5
2;84;3420;760;380;125;30;5
2;85;3505;775;390;130;35;5
2;86;3593;785;395;130;35;5
2;87;3683;795;400;135;35;5
2;88;3775;805;405;135;35;5
2;89;3869;815;410;135;35;5
2;90;3966;825;415;140;35;5
2;91;4065;840;420;140;35;5
2;92;4167;850;425;140;35;5
2;93;4271;860;430;145;35;5
2;94;4377;870;435;145;35;5
2;95;4487;885;445;150;40;10
2;96;4599;895;450;150;40;10
2;97;4714;905;455;150;40;10
2;98;4832;915;460;155;40;10
2;99;4953;930;465;155;40;10
2;100;5076;940;470;155;40;10
2;101;5203;950;475;160;40;10
2;102;5333;960;480;160;40;10
2;103;5467;975;490;165;40;10
2;104;5603;985;495;165;40;10
2;105;5743;995;500;165;40;10
2;106;5887;1010;505;170;45;10
2;107;6034;1020;510;170;45;10
2;108;6185;1030;515;170;45;10
2;109;6340;1040;520;175;45;10
2;110;6498;1055;530;175;45;10
2;111;6660;1065;535;180;45;10
2;112;6827;1075;540;180;45;10
2;113;6998;1090;545;180;45;10
2;114;7173;1100;550;185;45;10
2;115;7352;1110;555;185;45;10
2;116;7536;1125;565;190;50;10
2;117;7724;1135;570;190;50;10
2;118;7917;1145;575;190;50;10
2;119;8115;1160;580;195;50;10
2;120;8318;1170;585;195;50;10
2;121;8526;1180;590;195;50;10
2;122;8739;1195;600;200;50;10
2;123;8957;1205;605;200;50;10
2;124;9181;1215;610;205;50;10
2;125;9411;1230;615;205;50;10
2;126;9646;1240;620;205;50;10
2;127;9887;1250;625;210;55;10
2;128;10134;1265;635;210;55;10
2;129;10388;1275;640;215;55;10
2;130;10647;1285;645;215;55;10
2;131;10914;1300;650;215;55;10
2;132;11186;1310;655;220;55;10
2;133;11466;1325;665;220;55;10
3;1;50;5;5;0;0;0
3;2;60;10;5;0;0;0
3;3;120;15;10;5;0;0
3;4;190;20;10;5;0;0
3;5;240;25;15;5;0;0
3;6;320;35;20;5;0;0
3;7;380;40;20;5;0;0
3;8;460;50;25;10;5;0
3;9;530;55;30;10;5;0
3;10;600;65;35;10;5;0
3;11;615;70;35;10;5;0
3;12;631;80;40;15;5;0
3;13;647;85;45;15;5;0
3;14;663;95;50;15;5;0
3;15;679;100;50;15;5;0
3;16;696;110;55;20;5;0
3;17;714;120;60;20;5;0
3;18;732;130;65;20;5;0
3;19;750;135;70;25;5;0
3;20;769;145;75;25;5;0
3;21;788;155;80;25;5;0
3;22;807;165;85;30;10;0
3;23;828;175;90;30;10;0
3;24;848;180;90;30;10;0
3;25;869;190;95;30;10;0
3;26;891;200;100;35;10;0
3;27;913;210;105;35;10;0
3;28;936;220;110;35;10;0
3;29;960;230;115;40;10;0
3;30;984;240;120;40;10;0
3;31;1008;250;125;40;10;0
3;32;1033;255;130;45;10;0
3;33;1059;265;135;45;10;0
3;34;1086;275;140;45;10;0
3;35;1113;285;145;50;15;5
3;36;1141;295;150;50;15;5
3;37;1169;305;155;50;15;5
3;38;1198;315;160;55;15;5
3;39;1228;325;165;55;15;5
3;40;1259;335;170;55;15;5
3;41;1291;345;175;60;15;5
3;42;1323;360;180;60;15;5
3;43;1356;370;185;60;15;5
3;44;1390;380;190;65;15;5
3;45;1424;390;195;65;15;5
3;46;1460;400;200;65;15;5
3;47;1497;410;205;70;20;5
3;48;1534;420;210;70;20;5
3;49;1572;430;215;70;20;5
3;50;1612;440;220;75;20;5
3;51;1652;450;225;75;20;5
3;52;1693;465;235;80;20;5
3;53;1735;475;240;80;20;5
3;54;1779;485;245;80;20;5
3;55;1823;495;250;85;20;5
3;56;1869;505;255;85;20;5
3;57;1916;515;260;85;20;5
3;58;1963;525;265;90;25;5
3;59;2012;540;270;90;25;5
3;60;2063;550;275;90;25;5
3;61;2114;560;280;95;25;5
3;62;2167;570;285;95;25;5
3;63;2221;585;295;100;25;5
3;64;2277;595;300;100;25;5
3;65;2334;605;305;100;25;5
3;66;2392;615;310;105;25;5
3;67;2452;625;315;105;25;5
3;68;2513;640;320;105;25;5
3;69;2576;650;325;110;30;5
3;70;2640;660;330;110;30;5
3;71;2706;675;340;115;30;5
3;72;2774;685;345;115;30;5
3;73;2843;695;350;115;30;5
3;74;2914;705;355;120;30;5
3;75;2987;720;360;120;30;5
3;76;3062;730;365;120;30;5
3;77;3138;740;370;125;30;5
3;78;3217;755;380;125;30;5
3;79;3297;765;385;130;35;5
3;80;3380;775;390;130;35;5
3;81;3464;790;395;130;35;5
3;82;3551;800;400;135;35;5
3;83;3640;810;405;135;35;5
3;84;3731;825;415;140;35;5
3;85;3824;835;420;140;35;5
3;86;3919;850;425;140;35;5
3;87;4017;860;430;145;35;5
3;88;4118;875;440;145;35;5
3;89;4221;885;445;150;40;10
3;90;4326;895;450;150;40;10
3;91;4434;910;455;150;40;10
3;92;4545;920;460;155;40;10
3;93;4659;930;465;155;40;10
3;94;4775;945;475;160;40;10
3;95;4895;955;480;160;40;10
3;96;5017;970;485;160;40;10
3;97;5142;980;490;165;40;10
3;98;5271;995;500;165;40;10
3;99;5403;1005;505;170;45;10
3;100;5538;1015;510;170;45;10
3;101;5676;1030;515;170;45;10
3;102;5818;1040;520;175;45;10
3;103;5964;1055;530;175;45;10
3;104;6113;1065;535;180;45;10
3;105;6265;1080;540;180;45;10
3;106;6422;1090;545;180;45;10
3;107;6583;1105;555;185;45;10
3;108;6747;1115;560;185;45;10
3;109;6916;1130;565;190;50;10
3;110;7089;1140;570;190;50;10
3;111;7266;1155;580;195;50;10
3;112;7448;1165;585;195;50;10
3;113;7634;1180;590;195;50;10
3;114;7825;1190;595;200;50;10
3;115;8020;1205;605;200;50;10
3;116;8221;1215;610;205;50;10
3;117;8426;1230;615;205;50;10
3;118;8637;1240;620;205;50;10
3;119;8853;1255;630;210;55;10
3;120;9074;1265;635;210;55;10
3;121;9301;1280;640;215;55;10
3;122;9533;1290;645;215;55;10
3;123;9772;1305;655;220;55;10
3;124;10016;1320;660;220;55;10
3;125;10266;1330;665;220;55;10
3;126;10523;1345;675;225;55;10
3;127;10786;1355;680;225;55;10
3;128;11056;1370;685;230;60;10
3;129;11332;1380;690;230;60;10
3;130;11615;1395;700;235;60;10
3;131;11906;1405;705;235;60;10
3;132;12203;1420;710;235;60;10
3;133;12508;1435;720;240;60;10
3;134;12821;1445;725;240;60;10
3;135;13142;1460;730;245;60;10
3;136;13470;1475;740;245;60;10
3;137;13807;1485;745;250;65;15
3;138;14152;1500;750;250;65;15
3;139;14506;1510;755;250;65;15
3;140;14869;1525;765;255;65;15
3;141;15240;1540;770;255;65;15
3;142;15621;1550;775;260;65;15
3;143;16012;1565;785;260;65;15
3;144;16412;1575;790;265;65;15
3;145;16822;1590;795;265;65;15
3;146;17243;1605;805;270;70;15
3;147;17674;1615;810;270;70;15
3;148;18116;1630;815;270;70;15
3;149;18569;1645;825;275;70;15
3;150;19033;1655;830;275;70;15
3;151;19509;1670;835;280;70;15
4;1;50;5;5;0;0;0
4;2;70;10;5;0;0;0
4;3;130;15;10;5;0;0
4;4;200;20;10;5;0;0
4;5;270;30;15;5;0;0
4;6;330;35;20;5;0;0
4;7;420;45;25;10;5;0
4;8;490;50;25;10;5;0
4;9;570;60;30;10;5;0
4;10;650;65;35;10;5;0
4;11;667;75;40;15;5;0
4;12;683;85;45;15;5;0
4;13;700;95;50;15;5;0
4;14;718;100;50;15;5;0
4;15;736;110;55;20;5;0
4;16;754;120;60;20;5;0
4;17;773;130;65;20;5;0
4;18;792;140;70;25;5;0
4;19;812;150;75;25;5;0
4;20;833;155;80;25;5;0
4;21;853;165;85;30;10;0
4;22;875;175;90;30;10;0
4;23;897;185;95;30;10;0
4;24;919;195;100;35;10;0
4;25;942;205;105;35;10;0
4;26;965;215;110;35;10;0
4;27;990;225;115;40;10;0
4;28;1014;235;120;40;10;0
4;29;1040;245;125;40;10;0
4;30;1066;255;130;45;10;0
4;31;1092;265;135;45;10;0
4;32;1120;275;140;45;10;0
4;33;1147;285;145;50;15;5
4;34;1176;300;150;50;15;5
4;35;1206;310;155;50;15;5
4;36;1236;320;160;55;15;5
4;37;1267;330;165;55;15;5
4;38;1298;340;170;55;15;5
4;39;1331;350;175;60;15;5
4;40;1364;365;185;60;15;5
4;41;1398;375;190;65;15;5
4;42;1433;385;195;65;15;5
4;43;1469;395;200;65;15;5
4;44;1505;405;205;70;20;5
4;45;1543;420;210;70;20;5
4;46;1582;430;215;70;20;5
4;47;1621;440;220;75;20;5
4;48;1662;450;225;75;20;5
4;49;1703;465;235;80;20;5
4;50;1746;475;240;80;20;5
4;51;1789;485;245;80;20;5
4;52;1834;500;250;85;20;5
4;53;1880;510;255;85;20;5
4;54;1927;520;260;85;20;5
4;55;1975;535;270;90;25;5
4;56;2025;545;275;90;25;5
4;57;2075;555;280;95;25;5
4;58;2127;570;285;95;25;5
4;59;2180;580;290;95;25;5
4;60;2235;590;295;100;25;5
4;61;2290;605;305;100;25;5
4;62;2348;615;310;105;25;5
4;63;2406;630;315;105;25;5
4;64;2467;640;320;105;25;5
4;65;2528;650;325;110;30;5
4;66;2591;665;335;110;30;5
4;67;2656;675;340;115;30;5
4;68;2723;690;345;115;30;5
4;69;2791;700;350;115;30;5
4;70;2860;715;360;120;30;5
4;71;2932;725;365;120;30;5
4;72;3005;735;370;125;30;5
4;73;3080;750;375;125;30;5
4;74;3157;760;380;125;30;5
4;75;3236;775;390;130;35;5
4;76;3317;785;395;130;35;5
4;77;3400;800;400;135;35;5
4;78;3485;810;405;135;35;5
4;79;3572;825;415;140;35;5
4;80;3661;835;420;140;35;5
4;81;3753;850;425;140;35;5
4;82;3847;860;430;145;35;5
4;83;3943;875;440;145;35;5
4;84;4041;890;445;150;40;10
4;85;4142;900;450;150;40;10
4;86;4246;915;460;155;40;10
4;87;4352;925;465;155;40;10
4;88;4461;940;470;155;40;10
4;89;4572;950;475;160;40;10
4;90;4687;965;485;160;40;10
4;91;4804;975;490;165;40;10
4;92;4924;990;495;165;40;10
4;93;5047;1005;505;170;45;10
4;94;5173;1015;510;170;45;10
4;95;5303;1030;515;170;45;10
4;96;5435;1040;520;175;45;10
4;97;5571;1055;530;175;45;10
4;98;5710;1070;535;180;45;10
4;99;5853;1080;540;180;45;10
4;100;5999;1095;550;185;45;10
5;1;50;5;5;0;0;0
5;2;80;10;5;0;0;0
5;3;140;15;10;5;0;0
5;4;210;25;15;5;0;0
5;5;290;30;15;5;0;0
5;6;360;40;20;5;0;0
5;7;440;45;25;10;5;0
5;8;530;55;30;10;5;0
5;9;610;65;35;10;5;0
5;10;700;70;35;10;5;0
5;11;718;80;40;15;5;0
5;12;736;90;45;15;5;0
5;13;754;100;50;15;5;0
5;14;773;110;55;20;5;0
5;15;792;120;60;20;5;0
5;16;812;125;65;20;5;0
5;17;833;140;70;25;5;0
5;18;853;150;75;25;5;0
5;19;875;155;80;25;5;0
5;20;897;170;85;30;10;0
5;21;919;180;90;30;10;0
5;22;942;190;95;30;10;0
5;23;965;200;100;35;10;0
5;24;990;210;105;35;10;0
5;25;1014;220;110;35;10;0
5;26;1040;230;115;40;10;0
5;27;1066;240;120;40;10;0
5;28;1092;250;125;40;10;0
5;29;1120;265;135;45;10;0
5;30;1148;275;140;45;10;0
5;31;1176;285;145;50;15;5
5;32;1206;295;150;50;15;5
5;33;1236;310;155;50;15;5
5;34;1267;320;160;55;15;5
5;35;1298;330;165;55;15;5
5;36;1331;340;170;55;15;5
5;37;1364;355;180;60;15;5
5;38;1398;365;185;60;15;5
5;39;1433;375;190;65;15;5
5;40;1469;390;195;65;15;5
5;41;1506;400;200;65;15;5
5;42;1543;410;205;70;20;5
5;43;1582;425;215;70;20;5
5;44;1621;435;220;75;20;5
5;45;1662;450;225;75;20;5
5;46;1703;460;230;75;20;5
5;47;1746;470;235;80;20;5
5;48;1789;485;245;80;20;5
5;49;1834;495;250;85;20;5
5;50;1880;510;255;85;20;5
5;51;1927;520;260;85;20;5
5;52;1975;535;270;90;25;5
5;53;2025;545;275;90;25;5
5;54;2075;560;280;95;25;5
5;55;2127;570;285;95;25;5
5;56;2180;585;295;100;25;5
5;57;2235;595;300;100;25;5
5;58;2291;610;305;100;25;5
5;59;2348;620;310;105;25;5
5;60;2406;635;320;105;25;5
5;61;2467;645;325;110;30;5
5;62;2528;660;330;110;30;5
5;63;2591;670;335;110;30;5
5;64;2656;685;345;115;30;5
5;65;2723;700;350;115;30;5
5;66;2791;710;355;120;30;5
5;67;2860;725;365;120;30;5
5;68;2932;735;370;125;30;5
5;69;3005;750;375;125;30;5
5;70;3080;765;385;130;35;5
5;71;3157;775;390;130;35;5
5;72;3236;790;395;130;35;5
5;73;3317;805;405;135;35;5
5;74;3400;815;410;135;35;5
5;75;3485;830;415;140;35;5
5;76;3572;845;425;140;35;5
5;77;3661;855;430;145;35;5
5;78;3753;870;435;145;35;5
5;79;3847;885;445;150;40;10
5;80;3943;895;450;150;40;10
5;81;4042;910;455;150;40;10
5;82;4143;925;465;155;40;10
5;83;4246;935;470;155;40;10
5;84;4352;950;475;160;40;10
5;85;4461;965;485;160;40;10
5;86;4573;980;490;165;40;10
5;87;4687;990;495;165;40;10
5;88;4804;1005;505;170;45;10
5;89;4924;1020;510;170;45;10
5;90;5047;1035;520;175;45;10
5;91;5173;1045;525;175;45;10
5;92;5303;1060;530;175;45;10
5;93;5435;1075;540;180;45;10
5;94;5571;1090;545;180;45;10
5;95;5710;1105;555;185;45;10
5;96;5853;1115;560;185;45;10
5;97;5999;1130;565;190;50;10
5;98;6149;1145;575;190;50;10
5;99;6303;1160;580;195;50;10
5;100;6461;1175;590;195;50;10
6;1;50;5;5;0;0;0
6;2;90;10;5;0;0;0
6;3;150;15;10;5;0;0
6;4;220;25;15;5;0;0
6;5;310;35;20;5;0;0
6;6;380;40;20;5;0;0
6;7;480;50;25;10;5;0
6;8;560;60;30;10;5;0
6;9;650;65;35;10;5;0
6;10;740;75;40;15;5;0
6;11;759;85;45;15;5;0
6;12;778;95;50;15;5;0
6;13;797;105;55;20;5;0
6;14;817;115;60;20;5;0
6;15;838;125;65;20;5;0
6;16;859;135;70;25;5;0
6;17;880;145;75;25;5;0
6;18;902;155;80;25;5;0
6;19;925;170;85;30;10;0
6;20;948;180;90;30;10;0
6;21;971;190;95;30;10;0
6;22;996;200;100;35;10;0
6;23;1021;210;105;35;10;0
6;24;1046;225;115;40;10;0
6;25;1072;235;120;40;10;0
6;26;1099;245;125;40;10;0
6;27;1126;260;130;45;10;0
6;28;1155;270;135;45;10;0
6;29;1184;280;140;45;10;0
6;30;1213;295;150;50;15;5
6;31;1243;305;155;50;15;5
6;32;1274;315;160;55;15;5
6;33;1306;330;165;55;15;5
6;34;1339;340;170;55;15;5
6;35;1372;350;175;60;15;5
6;36;1407;365;185;60;15;5
6;37;1442;375;190;65;15;5
6;38;1478;390;195;65;15;5
6;39;1515;400;200;65;15;5
6;40;1553;415;210;70;20;5
6;41;1592;425;215;70;20;5
6;42;1631;440;220;75;20;5
6;43;1672;450;225;75;20;5
6;44;1714;465;235;80;20;5
6;45;1757;480;240;80;20;5
6;46;1801;490;245;80;20;5
6;47;1846;505;255;85;20;5
6;48;1892;515;260;85;20;5
6;49;1939;530;265;90;25;5
6;50;1987;540;270;90;25;5
6;51;2037;555;280;95;25;5
6;52;2088;570;285;95;25;5
6;53;2140;580;290;95;25;5
6;54;2194;595;300;100;25;5
6;55;2249;610;305;100;25;5
6;56;2305;620;310;105;25;5
6;57;2362;635;320;105;25;5
6;58;2421;650;325;110;30;5
6;59;2482;665;335;110;30;5
6;60;2544;675;340;115;30;5
6;61;2608;690;345;115;30;5
6;62;2673;705;355;120;30;5
6;63;2740;715;360;120;30;5
6;64;2808;730;365;120;30;5
6;65;2878;745;375;125;30;5
6;66;2950;760;380;125;30;5
6;67;3024;775;390;130;35;5
6;68;3099;785;395;130;35;5
6;69;3177;800;400;135;35;5
6;70;3256;815;410;135;35;5
6;71;3338;830;415;140;35;5
6;72;3421;840;420;140;35;5
6;73;3507;855;430;145;35;5
6;74;3594;870;435;145;35;5
6;75;3684;885;445;150;40;10
6;76;3776;900;450;150;40;10
6;77;3871;915;460;155;40;10
6;78;3967;930;465;155;40;10
6;79;4067;940;470;155;40;10
6;80;4168;955;480;160;40;10
7;1;60;10;5;0;0;0
7;2;90;10;5;0;0;0
7;3;150;20;10;5;0;0
7;4;240;25;15;5;0;0
7;5;330;35;20;5;0;0
7;6;410;45;25;10;5;0
7;7;500;50;25;10;5;0
7;8;600;60;30;10;5;0
7;9;690;70;35;10;5;0
7;10;790;80;40;15;5;0
7;11;810;90;45;15;5;0
7;12;830;100;50;15;5;0
7;13;851;115;60;20;5;0
7;14;873;120;60;20;5;0
7;15;894;135;70;25;5;0
7;16;917;145;75;25;5;0
7;17;940;155;80;25;5;0
7;18;963;165;85;30;10;0
7;19;987;180;90;30;10;0
7;20;1012;190;95;30;10;0
7;21;1037;200;100;35;10;0
7;22;1063;215;110;35;10;0
7;23;1090;225;115;40;10;0
7;24;1117;235;120;40;10;0
7;25;1145;250;125;40;10;0
7;26;1173;260;130;45;10;0
7;27;1203;275;140;45;10;0
7;28;1233;285;145;50;15;5
7;29;1263;300;150;50;15;5
7;30;1295;310;155;50;15;5
7;31;1327;325;165;55;15;5
7;32;1361;335;170;55;15;5
7;33;1395;350;175;60;15;5
7;34;1429;360;180;60;15;5
7;35;1465;375;190;65;15;5
7;36;1502;390;195;65;15;5
7;37;1539;400;200;65;15;5
7;38;1578;415;210;70;20;5
7;39;1617;425;215;70;20;5
7;40;1658;440;220;75;20;5
7;41;1699;455;230;75;20;5
7;42;1741;465;235;80;20;5
7;43;1785;480;240;80;20;5
7;44;1830;495;250;85;20;5
7;45;1875;505;255;85;20;5
7;46;1922;520;260;85;20;5
7;47;1970;535;270;90;25;5
7;48;2019;550;275;90;25;5
7;49;2070;560;280;95;25;5
7;50;2122;575;290;95;25;5
7;51;2175;590;295;100;25;5
7;52;2229;605;305;100;25;5
7;53;2285;620;310;105;25;5
7;54;2342;635;320;105;25;5
7;55;2400;645;325;110;30;5
7;56;2460;660;330;110;30;5
7;57;2522;675;340;115;30;5
7;58;2585;690;345;115;30;5
7;59;2650;705;355;120;30;5
7;60;2716;720;360;120;30;5
7;61;2784;735;370;125;30;5
7;62;2853;745;375;125;30;5
7;63;2925;760;380;125;30;5
7;64;2998;775;390;130;35;5
7;65;3073;790;395;130;35;5
7;66;3149;805;405;135;35;5
7;67;3228;820;410;135;35;5
7;68;3309;835;420;140;35;5
7;69;3392;850;425;140;35;5
7;70;3476;865;435;145;35;5
7;71;3563;880;440;145;35;5
7;72;3652;895;450;150;40;10
7;73;3744;910;455;150;40;10
7;74;3837;925;465;155;40;10
7;75;3933;940;470;155;40;10
7;76;4031;955;480;160;40;10
7;77;4132;970;485;160;40;10
7;78;4235;985;495;165;40;10
7;79;4341;1000;500;165;40;10
7;80;4450;1015;510;170;45;10
8;1;60;10;5;0;0;0
8;2;90;10;5;0;0;0
8;3;170;20;10;5;0;0
8;4;260;30;15;5;0;0
8;5;340;35;20;5;0;0
8;6;440;45;25;10;5;0
8;7;530;55;30;10;5;0
8;8;630;65;35;10;5;0
8;9;740;75;40;15;5;0
8;10;830;85;45;15;5;0
8;11;851;95;50;15;5;0
8;12;873;105;55;20;5;0
8;13;894;120;60;20;5;0
8;14;917;130;65;20;5;0
8;15;940;140;70;25;5;0
8;16;963;155;80;25;5;0
8;17;987;165;85;30;10;0
8;18;1012;175;90;30;10;0
8;19;1037;190;95;30;10;0
8;20;1063;200;100;35;10;0
8;21;1090;215;110;35;10;0
8;22;1117;225;115;40;10;0
8;23;1145;240;120;40;10;0
8;24;1173;250;125;40;10;0
8;25;1203;265;135;45;10;0
8;26;1233;275;140;45;10;0
8;27;1263;290;145;50;15;5
8;28;1295;300;150;50;15;5
8;29;1327;315;160;55;15;5
8;30;1361;330;165;55;15;5
8;31;1395;340;170;55;15;5
8;32;1429;355;180;60;15;5
8;33;1465;370;185;60;15;5
8;34;1502;385;195;65;15;5
8;35;1539;395;200;65;15;5
8;36;1578;410;205;70;20;5
8;37;1617;425;215;70;20;5
8;38;1658;440;220;75;20;5
8;39;1699;450;225;75;20;5
8;40;1741;465;235;80;20;5
8;41;1785;480;240;80;20;5
8;42;1830;495;250;85;20;5
8;43;1875;510;255;85;20;5
8;44;1922;525;265;90;25;5
8;45;1970;535;270;90;25;5
8;46;2020;550;275;90;25;5
8;47;2070;565;285;95;25;5
8;48;2122;580;290;95;25;5
8;49;2175;595;300;100;25;5
8;50;2229;610;305;100;25;5
8;51;2285;625;315;105;25;5
8;52;2342;640;320;105;25;5
8;53;2400;655;330;110;30;5
8;54;2460;670;335;110;30;5
8;55;2522;685;345;115;30;5
8;56;2585;700;350;115;30;5
8;57;2650;715;360;120;30;5
8;58;2716;730;365;120;30;5
8;59;2784;745;375;125;30;5
8;60;2853;760;380;125;30;5
8;61;2925;775;390;130;35;5
8;62;2998;790;395;130;35;5
8;63;3073;805;405;135;35;5
8;64;3149;820;410;135;35;5
8;65;3228;835;420;140;35;5
8;66;3309;855;430;145;35;5
8;67;3392;870;435;145;35;5
8;68;3476;885;445;150;40;10
8;69;3563;900;450;150;40;10
8;70;3652;915;460;155;40;10
8;71;3744;930;465;155;40;10
8;72;3837;945;475;160;40;10
8;73;3933;965;485;160;40;10
8;74;4031;980;490;165;40;10
8;75;4132;995;500;165;40;10
8;76;4235;1010;505;170;45;10
8;77;4341;1025;515;170;45;10
8;78;4450;1045;525;175;45;10
8;79;4561;1060;530;175;45;10
8;80;4675;1075;540;180;45;10
8;81;4792;1090;545;180;45;10
8;82;4912;1110;555;185;45;10
8;83;5035;1125;565;190;50;10
8;84;5160;1140;570;190;50;10
8;85;5289;1160;580;195;50;10
8;86;5422;1175;590;195;50;10
8;87;5557;1190;595;200;50;10
8;88;5696;1205;605;200;50;10
8;89;5838;1225;615;205;50;10
8;90;5984;1240;620;205;50;10
8;91;6134;1255;630;210;55;10
8;92;9287;1275;640;215;55;10
8;93;6445;1290;645;215;55;10
8;94;6606;1305;655;220;55;10
8;95;6771;1325;665;220;55;10
8;96;6940;1340;670;225;55;10
8;97;7114;1355;680;225;55;10
8;98;7291;1375;690;230;60;10
8;99;7474;1390;695;230;60;10
8;100;7660;1410;705;235;60;10
9;1;60;10;5;0;0;0
9;2;100;10;5;0;0;0
9;3;180;20;10;5;0;0
9;4;270;30;15;5;0;0
9;5;360;40;20;5;0;0
9;6;460;50;25;10;5;0
9;7;560;60;30;10;5;0
9;8;670;70;35;10;5;0
9;9;770;80;40;15;5;0
9;10;880;90;45;15;5;0
9;11;902;100;50;15;5;0
9;12;925;115;60;20;5;0
9;13;948;125;65;20;5;0
9;14;972;135;70;25;5;0
9;15;996;150;75;25;5;0
9;16;1021;160;80;25;5;0
9;17;1047;175;90;30;10;0
9;18;1073;185;95;30;10;0
9;19;1099;200;100;35;10;0
9;20;1127;210;105;35;10;0
9;21;1155;225;115;40;10;0
9;22;1184;240;120;40;10;0
9;23;1214;250;125;40;10;0
9;24;1244;265;135;45;10;0
9;25;1275;280;140;45;10;0
9;26;1307;290;145;50;15;5
9;27;1340;305;155;50;15;5
9;28;1373;320;160;55;15;5
9;29;1407;335;170;55;15;5
9;30;1442;345;175;60;15;5
9;31;1479;360;180;60;15;5
9;32;1515;375;190;65;15;5
9;33;1553;390;195;65;15;5
9;34;1592;405;205;70;20;5
9;35;1632;420;210;70;20;5
9;36;1673;430;215;70;20;5
9;37;1715;450;225;75;20;5
9;38;1757;460;230;75;20;5
9;39;1801;475;240;80;20;5
9;40;1846;490;245;80;20;5
9;41;1893;505;255;85;20;5
9;42;1940;520;260;85;20;5
9;43;1988;535;270;90;25;5
9;44;2038;550;275;90;25;5
9;45;2089;565;285;95;25;5
9;46;2141;580;290;95;25;5
9;47;2195;600;300;100;25;5
9;48;2250;615;310;105;25;5
9;49;2306;630;315;105;25;5
9;50;2363;645;325;110;30;5
9;51;2422;660;330;110;30;5
9;52;2483;675;340;115;30;5
9;53;2545;690;345;115;30;5
9;54;2609;705;355;120;30;5
9;55;2674;725;365;120;30;5
9;56;2741;740;370;125;30;5
9;57;2809;755;380;125;30;5
9;58;2879;770;385;130;35;5
9;59;2951;785;395;130;35;5
9;60;3025;800;400;135;35;5
9;61;3101;820;410;135;35;5
9;62;3178;835;420;140;35;5
9;63;3258;850;425;140;35;5
9;64;3339;870;435;145;35;5
9;65;3423;885;445;150;40;10
9;66;3508;900;450;150;40;10
9;67;3596;915;460;155;40;10
9;68;3686;935;470;155;40;10
9;69;3778;950;475;160;40;10
9;70;3872;965;485;160;40;10
9;71;3969;985;495;165;40;10
9;72;4068;1000;500;165;40;10
9;73;4170;1015;510;170;45;10
9;74;4274;1035;520;175;45;10
9;75;4381;1050;525;175;45;10
9;76;4491;1065;535;180;45;10
9;77;4603;1085;545;180;45;10
9;78;4718;1100;550;185;45;10
9;79;4836;1120;560;185;45;10
9;80;4957;1135;570;190;50;10
10;1;60;10;5;0;0;0
10;2;100;10;5;0;0;0
10;3;180;20;10;5;0;0
10;4;270;30;15;5;0;0
10;5;360;40;20;5;0;0
10;6;460;50;25;10;5;0
10;7;560;60;30;10;5;0
10;8;670;75;40;15;5;0
10;9;770;85;45;15;5;0
10;10;880;95;50;15;5;0
10;11;902;110;55;20;5;0
10;12;925;120;60;20;5;0
10;13;948;130;65;20;5;0
10;14;972;145;75;25;5;0
10;15;996;155;80;25;5;0
10;16;1021;170;85;30;10;0
10;17;1047;185;95;30;10;0
10;18;1073;195;100;35;10;0
10;19;1099;210;105;35;10;0
10;20;1127;225;115;40;10;0
10;21;1155;235;120;40;10;0
10;22;1184;250;125;40;10;0
10;23;1214;265;135;45;10;0
10;24;1244;280;140;45;10;0
10;25;1275;295;150;50;15;5
10;26;1307;305;155;50;15;5
10;27;1340;320;160;55;15;5
10;28;1373;335;170;55;15;5
10;29;1407;350;175;60;15;5
10;30;1442;365;185;60;15;5
10;31;1479;380;190;65;15;5
10;32;1515;395;200;65;15;5
10;33;1553;410;205;70;20;5
10;34;1592;425;215;70;20;5
10;35;1632;440;220;75;20;5
10;36;1673;455;230;75;20;5
10;37;1715;470;235;80;20;5
10;38;1757;485;245;80;20;5
10;39;1801;500;250;85;20;5
10;40;1846;515;260;85;20;5
10;41;1893;535;270;90;25;5
10;42;1940;550;275;90;25;5
10;43;1988;565;285;95;25;5
10;44;2038;580;290;95;25;5
10;45;2089;595;300;100;25;5
10;46;2141;615;310;105;25;5
10;47;2195;630;315;105;25;5
10;48;2250;645;325;110;30;5
10;49;2306;660;330;110;30;5
10;50;2363;675;340;115;30;5
10;51;2422;695;350;115;30;5
10;52;2483;710;355;120;30;5
10;53;2545;725;365;120;30;5
10;54;2609;745;375;125;30;5
10;55;2674;760;380;125;30;5
10;56;2741;775;390;130;35;5
10;57;2809;795;400;135;35;5
10;58;2879;810;405;135;35;5
10;59;2951;830;415;140;35;5
10;60;3025;845;425;140;35;5
10;61;3101;860;430;145;35;5
10;62;3178;880;440;145;35;5
10;63;3258;895;450;150;40;10
10;64;3339;915;460;155;40;10
10;65;3423;930;465;155;40;10
10;66;3508;945;475;160;40;10
10;67;3596;965;485;160;40;10
10;68;3686;985;495;165;40;10
10;69;3778;1000;500;165;40;10
10;70;3872;1020;510;170;45;10
10;71;3969;1035;520;175;45;10
10;72;4068;1050;525;175;45;10
10;73;4170;1070;535;180;45;10
10;74;4274;1090;545;180;45;10
10;75;4381;1105;555;185;45;10
10;76;4491;1125;565;190;50;10
10;77;4603;1140;570;190;50;10
10;78;4718;1160;580;195;50;10
10;79;4836;1175;590;195;50;10
10;80;4957;1195;600;200;50;10
10;81;5081;1215;610;205;50;10
10;82;5208;1230;615;205;50;10
10;83;5338;1250;625;210;55;10
10;84;5471;1265;635;210;55;10
10;85;5608;1285;645;215;55;10
10;86;5748;1305;655;220;55;10
10;87;5892;1320;660;220;55;10
10;88;6039;1340;670;225;55;10
10;89;6190;1360;680;225;55;10
10;90;6345;1375;690;230;60;10
10;91;6504;1395;700;235;60;10
10;92;6666;1415;710;235;60;10
10;93;6833;1435;720;240;60;10
10;94;7004;1450;725;240;60;10
10;95;7179;1470;735;245;60;10
10;96;7358;1490;745;250;65;15
10;97;7542;1510;755;250;65;15
10;98;7731;1525;765;255;65;15
10;99;7924;1545;775;260;65;15
10;100;8122;1565;785;260;65;15
11;1;60;10;5;0;0;0
11;2;100;15;10;5;0;0
11;3;180;20;10;5;0;0
11;4;270;30;15;5;0;0
11;5;360;40;20;5;0;0
11;6;460;55;30;10;5;0
11;7;560;65;35;10;5;0
11;8;670;75;40;15;5;0
11;9;770;85;45;15;5;0
11;10;880;100;50;15;5;0
11;11;902;115;60;20;5;0
11;12;925;125;65;20;5;0
11;13;948;140;70;25;5;0
11;14;972;150;75;25;5;0
11;15;996;165;85;30;10;0
11;16;1021;180;90;30;10;0
11;17;1047;190;95;30;10;0
11;18;1073;205;105;35;10;0
11;19;1099;220;110;35;10;0
11;20;1127;235;120;40;10;0
11;21;1155;250;125;40;10;0
11;22;1184;265;135;45;10;0
11;23;1214;280;140;45;10;0
11;24;1244;290;145;50;15;5
11;25;1275;305;155;50;15;5
11;26;1307;320;160;55;15;5
11;27;1340;335;170;55;15;5
11;28;1373;355;180;60;15;5
11;29;1407;365;185;60;15;5
11;30;1442;385;195;65;15;5
11;31;1479;400;200;65;15;5
11;32;1515;415;210;70;20;5
11;33;1553;430;215;70;20;5
11;34;1592;445;225;75;20;5
11;35;1632;460;230;75;20;5
11;36;1673;480;240;80;20;5
11;37;1715;495;250;85;20;5
11;38;1757;510;255;85;20;5
11;39;1801;525;265;90;25;5
11;40;1846;545;275;90;25;5
11;41;1893;560;280;95;25;5
11;42;1940;575;290;95;25;5
11;43;1988;590;295;100;25;5
11;44;2038;610;305;100;25;5
11;45;2089;625;315;105;25;5
11;46;2141;645;325;110;30;5
11;47;2195;660;330;110;30;5
11;48;2250;675;340;115;30;5
11;49;2306;695;350;115;30;5
11;50;2363;710;355;120;30;5
11;51;2422;730;365;120;30;5
11;52;2483;745;375;125;30;5
11;53;2545;765;385;130;35;5
11;54;2609;780;390;130;35;5
11;55;2674;800;400;135;35;5
11;56;2741;815;410;135;35;5
11;57;2809;835;420;140;35;5
11;58;2879;850;425;140;35;5
11;59;2951;870;435;145;35;5
11;60;3025;885;445;150;40;10
11;61;3101;905;455;150;40;10
11;62;3178;920;460;155;40;10
11;63;3258;940;470;155;40;10
11;64;3339;960;480;160;40;10
11;65;3423;975;490;165;40;10
11;66;3508;995;500;165;40;10
11;67;3596;1015;510;170;45;10
11;68;3686;1030;515;170;45;10
11;69;3778;1050;525;175;45;10
11;70;3872;1070;535;180;45;10
11;71;3969;1085;545;180;45;10
11;72;4068;1105;555;185;45;10
11;73;4170;1125;565;190;50;10
11;74;4274;1140;570;190;50;10
11;75;4381;1160;580;195;50;10
11;76;4491;1180;590;195;50;10
11;77;4603;1200;600;200;50;10
11;78;4718;1215;610;205;50;10
11;79;4836;1235;620;205;50;10
11;80;4957;1255;630;210;55;10
11;81;5081;1275;640;215;55;10
11;82;5208;1290;645;215;55;10
11;83;5338;1310;655;220;55;10
11;84;5471;1330;665;220;55;10
11;85;5608;1350;675;225;55;10
11;86;5748;1370;685;230;60;10
11;87;5892;1390;695;230;60;10
11;88;6039;1410;705;235;60;10
11;89;6190;1425;715;240;60;10
11;90;6345;1445;725;240;60;10
11;91;6504;1465;735;245;60;10
11;92;6666;1485;745;250;65;15
11;93;6833;1505;755;250;65;15
11;94;7004;1525;765;255;65;15
11;95;7179;1545;775;260;65;15
11;96;7358;1565;785;260;65;15
11;97;7542;1580;790;265;65;15
11;98;7731;1600;800;265;65;15
11;99;7924;1625;815;270;70;15
11;100;8122;1640;820;275;70;15
12;1;70;10;5;0;0;0
12;2;100;15;10;5;0;0
12;3;190;20;10;5;0;0
12;4;280;35;20;5;0;0
12;5;380;45;25;10;5;0
12;6;480;55;30;10;5;0
12;7;590;65;35;10;5;0
12;8;710;80;40;15;5;0
12;9;810;90;45;15;5;0
12;10;930;105;55;20;5;0
12;11;954;120;60;20;5;0
12;12;978;130;65;20;5;0
12;13;1002;145;75;25;5;0
12;14;1027;160;80;25;5;0
12;15;1053;175;90;30;10;0
12;16;1079;185;95;30;10;0
12;17;1106;200;100;35;10;0
12;18;1134;215;110;35;10;0
12;19;1162;230;115;40;10;0
12;20;1191;245;125;40;10;0
12;21;1221;260;130;45;10;0
12;22;1251;275;140;45;10;0
12;23;1283;290;145;50;15;5
12;24;1315;305;155;50;15;5
12;25;1347;320;160;55;15;5
12;26;1381;335;170;55;15;5
12;27;1416;355;180;60;15;5
12;28;1451;370;185;60;15;5
12;29;1487;385;195;65;15;5
12;30;1524;400;200;65;15;5
12;31;1563;420;210;70;20;5
12;32;1602;435;220;75;20;5
12;33;1642;450;225;75;20;5
12;34;1683;465;235;80;20;5
12;35;1725;485;245;80;20;5
12;36;1768;500;250;85;20;5
12;37;1812;515;260;85;20;5
12;38;1857;535;270;90;25;5
12;39;1904;550;275;90;25;5
12;40;1951;570;285;95;25;5
12;41;2000;585;295;100;25;5
12;42;2050;605;305;100;25;5
12;43;2101;620;310;105;25;5
12;44;2154;640;320;105;25;5
12;45;2208;655;330;110;30;5
12;46;2263;675;340;115;30;5
12;47;2319;690;345;115;30;5
12;48;2377;710;355;120;30;5
12;49;2437;730;365;120;30;5
12;50;2498;745;375;125;30;5
12;51;2560;765;385;130;35;5
12;52;2624;780;390;130;35;5
12;53;2690;800;400;135;35;5
12;54;2757;820;410;135;35;5
12;55;2826;835;420;140;35;5
12;56;2896;855;430;145;35;5
12;57;2969;875;440;145;35;5
12;58;3043;890;445;150;40;10
12;59;3119;910;455;150;40;10
12;60;3197;930;465;155;40;10
12;61;3277;945;475;160;40;10
12;62;3359;965;485;160;40;10
12;63;3443;985;495;165;40;10
12;64;3529;1005;505;170;45;10
12;65;3617;1025;515;170;45;10
12;66;3707;1040;520;175;45;10
12;67;3800;1060;530;175;45;10
12;68;3895;1080;540;180;45;10
12;69;3993;1100;550;185;45;10
12;70;4092;1120;560;185;45;10
12;71;4195;1140;570;190;50;10
12;72;4299;1155;580;195;50;10
12;73;4407;1175;590;195;50;10
12;74;4517;1195;600;200;50;10
12;75;4630;1215;610;205;50;10
12;76;4746;1235;620;205;50;10
12;77;4864;1255;630;210;55;10
12;78;4986;1275;640;215;55;10
12;79;5111;1295;650;215;55;10
12;80;5238;1315;660;220;55;10
13;1;70;10;5;0;0;0
13;2;110;15;10;5;0;0
13;3;200;25;15;5;0;0
13;4;290;35;20;5;0;0
13;5;400;45;25;10;5;0
13;6;510;60;30;10;5;0
13;7;620;70;35;10;5;0
13;8;740;85;45;15;5;0
13;9;860;95;50;15;5;0
13;10;970;110;55;20;5;0
13;11;995;120;60;20;5;0
13;12;1020;135;70;25;5;0
13;13;1045;150;75;25;5;0
13;14;1071;165;85;30;10;0
13;15;1098;180;90;30;10;0
13;16;1125;195;100;35;10;0
13;17;1154;210;105;35;10;0
13;18;1182;225;115;40;10;0
13;19;1212;240;120;40;10;0
13;20;1242;255;130;45;10;0
13;21;1273;270;135;45;10;0
13;22;1305;290;145;50;15;5
13;23;1338;305;155;50;15;5
13;24;1371;320;160;55;15;5
13;25;1405;335;170;55;15;5
13;26;1440;355;180;60;15;5
13;27;1476;370;185;60;15;5
13;28;1513;385;195;65;15;5
13;29;1551;405;205;70;20;5
13;30;1590;420;210;70;20;5
13;31;1630;435;220;75;20;5
13;32;1670;455;230;75;20;5
13;33;1712;470;235;80;20;5
13;34;1755;490;245;80;20;5
13;35;1799;505;255;85;20;5
13;36;1844;525;265;90;25;5
13;37;1890;540;270;90;25;5
13;38;1937;560;280;95;25;5
13;39;1986;575;290;95;25;5
13;40;2035;595;300;100;25;5
13;41;2086;615;310;105;25;5
13;42;2138;630;315;105;25;5
13;43;2192;650;325;110;30;5
13;44;2246;670;335;110;30;5
13;45;2303;685;345;115;30;5
13;46;2360;705;355;120;30;5
13;47;2419;725;365;120;30;5
13;48;2480;740;370;125;30;5
13;49;2541;760;380;125;30;5
13;50;2605;780;390;130;35;5
13;51;2670;800;400;135;35;5
13;52;2737;815;410;135;35;5
13;53;2805;835;420;140;35;5
13;54;2875;855;430;145;35;5
13;55;2947;875;440;145;35;5
13;56;3021;895;450;150;40;10
13;57;3096;915;460;155;40;10
13;58;3174;930;465;155;40;10
13;59;3253;950;475;160;40;10
13;60;3334;970;485;160;40;10
13;61;3418;990;495;165;40;10
13;62;3503;1010;505;170;45;10
13;63;3591;1030;515;170;45;10
13;64;3681;1050;525;175;45;10
13;65;3773;1070;535;180;45;10
13;66;3867;1090;545;180;45;10
13;67;3964;1110;555;185;45;10
13;68;4063;1130;565;190;50;10
13;69;4164;1150;575;190;50;10
13;70;4268;1170;585;195;50;10
13;71;4375;1190;595;200;50;10
13;72;4484;1210;605;200;50;10
13;73;4596;1230;615;205;50;10
13;74;4711;1250;625;210;55;10
13;75;4829;1270;635;210;55;10
13;76;4950;1290;645;215;55;10
13;77;5074;1310;655;220;55;10
13;78;5200;1335;670;225;55;10
13;79;5330;1355;680;225;55;10
13;80;5464;1375;690;230;60;10
13;81;5600;1395;700;235;60;10
13;82;5740;1415;710;235;60;10
13;83;5884;1435;720;240;60;10
13;84;6031;1455;730;245;60;10
13;85;6182;1480;740;245;60;10
13;86;6336;1500;750;250;65;15
13;87;6494;1520;760;255;65;15
13;88;6657;1540;770;255;65;15
13;89;6823;1560;780;260;65;15
13;90;6994;1585;795;265;65;15
13;91;7169;1605;805;270;70;15
13;92;7348;1625;815;270;70;15
13;93;7531;1645;825;275;70;15
13;94;7720;1670;835;280;70;15
13;95;7913;1690;845;280;70;15
13;96;8111;1710;855;285;70;15
13;97;8313;1735;870;290;75;15
13;98;8521;1755;880;295;75;15
13;99;8734;1775;890;295;75;15
13;100;8952;1800;900;300;75;15
13;101;9176;1820;910;305;75;15
13;102;9406;1840;920;305;75;15
13;103;9641;1865;935;310;80;15
13;104;9882;1885;945;315;80;15
13;105;10129;1905;955;320;80;15
13;106;10382;1930;965;320;80;15
13;107;10642;1950;975;325;80;15
13;108;10908;1975;990;330;85;15
13;109;11180;1995;1000;335;85;15
13;110;11460;2015;1010;335;85;15
13;111;11746;2040;1020;340;85;15
13;112;12040;2060;1030;345;85;15
13;113;12341;2085;1045;350;90;20
13;114;12649;2105;1055;350;90;20
13;115;12966;2130;1065;355;90;20
13;116;13290;2150;1075;360;90;20
13;117;13622;2170;1085;360;90;20
13;118;13963;2195;1100;365;90;20
13;119;14312;2215;1110;370;95;20
13;120;14669;2240;1120;375;95;20
13;121;15036;2260;1130;375;95;20
13;122;15412;2285;1145;380;95;20
13;123;15797;2305;1155;385;95;20
13;124;16192;2330;1165;390;100;20
13;125;16597;2350;1175;390;100;20
13;126;17012;2375;1190;395;100;20
13;127;17437;2395;1200;400;100;20
13;128;17873;2420;1210;405;100;20
13;129;18320;2445;1225;410;105;20
13;130;18778;2465;1235;410;105;20
14;1;80;10;5;0;0;0
14;2;120;15;10;5;0;0
14;3;230;25;15;5;0;0
14;4;340;35;20;5;0;0
14;5;450;45;25;10;5;0
14;6;580;60;30;10;5;0
14;7;710;75;40;15;5;0
14;8;850;85;45;15;5;0
14;9;980;100;50;15;5;0
14;10;1110;115;60;20;5;0
14;11;1138;130;65;20;5;0
14;12;1167;145;75;25;5;0
14;13;1196;160;80;25;5;0
14;14;1226;170;85;30;10;0
14;15;1256;190;95;30;10;0
14;16;1288;205;105;35;10;0
14;17;1320;220;110;35;10;0
14;18;1353;235;120;40;10;0
14;19;1387;250;125;40;10;0
14;20;1421;265;135;45;10;0
14;21;1457;285;145;50;15;5
14;22;1493;300;150;50;15;5
14;23;1531;315;160;55;15;5
14;24;1569;335;170;55;15;5
14;25;1608;350;175;60;15;5
14;26;1648;370;185;60;15;5
14;27;1689;385;195;65;15;5
14;28;1732;400;200;65;15;5
14;29;1775;420;210;70;20;5
14;30;1819;440;220;75;20;5
14;31;1865;455;230;75;20;5
14;32;1911;475;240;80;20;5
14;33;1959;490;245;80;20;5
14;34;2008;510;255;85;20;5
14;35;2058;525;265;90;25;5
14;36;2110;545;275;90;25;5
14;37;2163;565;285;95;25;5
14;38;2217;585;295;100;25;5
14;39;2272;600;300;100;25;5
14;40;2329;620;310;105;25;5
14;41;2387;640;320;105;25;5
14;42;2447;660;330;110;30;5
14;43;2508;675;340;115;30;5
14;44;2571;695;350;115;30;5
14;45;2635;715;360;120;30;5
14;46;2701;735;370;125;30;5
14;47;2768;755;380;125;30;5
14;48;2837;775;390;130;35;5
14;49;2908;795;400;135;35;5
14;50;2981;815;410;135;35;5
14;51;3055;830;415;140;35;5
14;52;3132;850;425;140;35;5
14;53;3210;870;435;145;35;5
14;54;3290;895;450;150;40;10
14;55;3373;910;455;150;40;10
14;56;3457;930;465;155;40;10
14;57;3543;950;475;160;40;10
14;58;3632;970;485;160;40;10
14;59;3723;995;500;165;40;10
14;60;3816;1015;510;170;45;10
14;61;3911;1035;520;175;45;10
14;62;4009;1055;530;175;45;10
14;63;4109;1075;540;180;45;10
14;64;4212;1095;550;185;45;10
14;65;4317;1115;560;185;45;10
14;66;4425;1135;570;190;50;10
14;67;4536;1155;580;195;50;10
14;68;4649;1180;590;195;50;10
14;69;4765;1200;600;200;50;10
14;70;4884;1220;610;205;50;10
14;71;5006;1240;620;205;50;10
14;72;5132;1260;630;210;55;10
14;73;5260;1285;645;215;55;10
14;74;5391;1305;655;220;55;10
14;75;5526;1325;665;220;55;10
14;76;5664;1350;675;225;55;10
14;77;5806;1370;685;230;60;10
14;78;5951;1390;695;230;60;10
14;79;6100;1410;705;235;60;10
14;80;6252;1435;720;240;60;10
14;81;6408;1455;730;245;60;10
14;82;6569;1475;740;245;60;10
14;83;6733;1500;750;250;65;15
14;84;6901;1520;760;255;65;15
14;85;7074;1545;775;260;65;15
14;86;7250;1565;785;260;65;15
14;87;7432;1585;795;265;65;15
14;88;7618;1610;805;270;70;15
14;89;7808;1630;815;270;70;15
14;90;8003;1650;825;275;70;15
14;91;8203;1675;840;280;70;15
14;92;8408;1695;850;285;70;15
14;93;8618;1720;860;285;70;15
14;94;8834;1740;870;290;75;15
14;95;9055;1765;885;295;75;15
14;96;9281;1785;895;300;75;15
14;97;9513;1810;905;300;75;15
14;98;9751;1830;915;305;75;15
14;99;9995;1855;930;310;80;15
14;100;10245;1875;940;315;80;15
15;1;80;10;5;0;0;0
15;2;130;15;10;5;0;0
15;3;240;25;15;5;0;0
15;4;350;35;20;5;0;0
15;5;470;50;25;10;5;0
15;6;610;65;35;10;5;0
15;7;740;75;40;15;5;0
15;8;880;90;45;15;5;0
15;9;1020;105;55;20;5;0
15;10;1160;120;60;20;5;0
15;11;1189;135;70;25;5;0
15;12;1219;150;75;25;5;0
15;13;1250;165;85;30;10;0
15;14;1281;180;90;30;10;0
15;15;1313;195;100;35;10;0
15;16;1346;210;105;35;10;0
15;17;1379;230;115;40;10;0
15;18;1414;245;125;40;10;0
15;19;1449;260;130;45;10;0
15;20;1485;280;140;45;10;0
15;21;1523;295;150;50;15;5
15;22;1561;310;155;50;15;5
15;23;1600;330;165;55;15;5
15;24;1640;350;175;60;15;5
15;25;1681;365;185;60;15;5
15;26;1723;385;195;65;15;5
15;27;1766;400;200;65;15;5
15;28;1810;420;210;70;20;5
15;29;1855;440;220;75;20;5
15;30;1901;455;230;75;20;5
15;31;1949;475;240;80;20;5
15;32;1998;495;250;85;20;5
15;33;2047;510;255;85;20;5
15;34;2099;530;265;90;25;5
15;35;2151;550;275;90;25;5
15;36;2205;570;285;95;25;5
15;37;2260;590;295;100;25;5
15;38;2316;605;305;100;25;5
15;39;2374;625;315;105;25;5
15;40;2434;645;325;110;30;5
15;41;2495;665;335;110;30;5
15;42;2557;685;345;115;30;5
15;43;2621;705;355;120;30;5
15;44;2686;725;365;120;30;5
15;45;2753;745;375;125;30;5
15;46;2822;765;385;130;35;5
15;47;2893;785;395;130;35;5
15;48;2965;805;405;135;35;5
15;49;3039;825;415;140;35;5
15;50;3115;845;425;140;35;5
15;51;3193;865;435;145;35;5
15;52;3273;890;445;150;40;10
15;53;3355;910;455;150;40;10
15;54;3439;930;465;155;40;10
15;55;3524;950;475;160;40;10
15;56;3613;970;485;160;40;10
15;57;3703;990;495;165;40;10
15;58;3795;1015;510;170;45;10
15;59;3890;1035;520;175;45;10
15;60;3988;1055;530;175;45;10
15;61;4087;1075;540;180;45;10
15;62;4189;1100;550;185;45;10
15;63;4294;1120;560;185;45;10
15;64;4401;1140;570;190;50;10
15;65;4511;1160;580;195;50;10
15;66;4624;1185;595;200;50;10
15;67;4740;1205;605;200;50;10
15;68;4858;1225;615;205;50;10
15;69;4980;1250;625;210;55;10
15;70;5104;1270;635;210;55;10
15;71;5232;1295;650;215;55;10
15;72;5363;1315;660;220;55;10
15;73;5497;1335;670;225;55;10
15;74;5634;1360;680;225;55;10
15;75;5775;1380;690;230;60;10
15;76;5919;1405;705;235;60;10
15;77;6067;1425;715;240;60;10
15;78;6219;1450;725;240;60;10
15;79;6374;1470;735;245;60;10
15;80;6534;1495;750;250;65;15
16;1;90;10;5;0;0;0
16;2;130;15;10;5;0;0
16;3;240;25;15;5;0;0
16;4;370;40;20;5;0;0
16;5;490;50;25;10;5;0
16;6;630;65;35;10;5;0
16;7;770;80;40;15;5;0
16;8;910;95;50;15;5;0
16;9;1060;110;55;20;5;0
16;10;1210;125;65;20;5;0
16;11;1241;140;70;25;5;0
16;12;1272;155;80;25;5;0
16;13;1304;170;85;30;10;0
16;14;1336;185;95;30;10;0
16;15;1370;205;105;35;10;0
16;16;1404;220;110;35;10;0
16;17;1439;235;120;40;10;0
16;18;1475;255;130;45;10;0
16;19;1512;270;135;45;10;0
16;20;1549;290;145;50;15;5
16;21;1588;305;155;50;15;5
16;22;1628;325;165;55;15;5
16;23;1668;345;175;60;15;5
16;24;1710;360;180;60;15;5
16;25;1753;380;190;65;15;5
16;26;1797;400;200;65;15;5
16;27;1842;415;210;70;20;5
16;28;1888;435;220;75;20;5
16;29;1935;455;230;75;20;5
16;30;1983;475;240;80;20;5
16;31;2033;495;250;85;20;5
16;32;2084;510;255;85;20;5
16;33;2136;530;265;90;25;5
16;34;2189;550;275;90;25;5
16;35;2244;570;285;95;25;5
16;36;2300;590;295;100;25;5
16;37;2357;610;305;100;25;5
16;38;2416;630;315;105;25;5
16;39;2477;650;325;110;30;5
16;40;2539;670;335;110;30;5
16;41;2602;690;345;115;30;5
16;42;2667;715;360;120;30;5
16;43;2734;735;370;125;30;5
16;44;2802;755;380;125;30;5
16;45;2872;775;390;130;35;5
16;46;2944;795;400;135;35;5
16;47;3017;815;410;135;35;5
16;48;3093;840;420;140;35;5
16;49;3170;860;430;145;35;5
16;50;3249;880;440;145;35;5
16;51;3331;900;450;150;40;10
16;52;3414;925;465;155;40;10
16;53;3499;945;475;160;40;10
16;54;3587;965;485;160;40;10
16;55;3676;990;495;165;40;10
16;56;3768;1010;505;170;45;10
16;57;3862;1030;515;170;45;10
16;58;3959;1055;530;175;45;10
16;59;4058;1075;540;180;45;10
16;60;4159;1095;550;185;45;10
16;61;4263;1120;560;185;45;10
16;62;4370;1140;570;190;50;10
16;63;4479;1165;585;195;50;10
16;64;4591;1185;595;200;50;10
16;65;4706;1210;605;200;50;10
16;66;4824;1230;615;205;50;10
16;67;4944;1255;630;210;55;10
16;68;5068;1275;640;215;55;10
16;69;5194;1300;650;215;55;10
16;70;5324;1320;660;220;55;10
16;71;5457;1345;675;225;55;10
16;72;5594;1365;685;230;60;10
16;73;5734;1390;695;230;60;10
16;74;5877;1415;710;235;60;10
16;75;6024;1435;720;240;60;10
16;76;6174;1460;730;245;60;10
16;77;6329;1485;745;250;65;15
16;78;6487;1505;755;250;65;15
16;79;6649;1530;765;255;65;15
16;80;6815;1555;780;260;65;15
17;1;90;10;5;0;0;0
17;2;140;15;10;5;0;0
17;3;250;25;15;5;0;0
17;4;380;40;20;5;0;0
17;5;520;55;30;10;5;0
17;6;650;70;35;10;5;0
17;7;800;80;40;15;5;0
17;8;940;95;50;15;5;0
17;9;1110;115;60;20;5;0
17;10;1250;125;65;20;5;0
17;11;1282;145;75;25;5;0
17;12;1314;160;80;25;5;0
17;13;1347;175;90;30;10;0
17;14;1380;195;100;35;10;0
17;15;1415;210;105;35;10;0
17;16;1450;230;115;40;10;0
17;17;1486;245;125;40;10;0
17;18;1524;265;135;45;10;0
17;19;1562;280;140;45;10;0
17;20;1601;300;150;50;15;5
17;21;1641;320;160;55;15;5
17;22;1682;335;170;55;15;5
17;23;1724;355;180;60;15;5
17;24;1767;375;190;65;15;5
17;25;1811;395;200;65;15;5
17;26;1856;415;210;70;20;5
17;27;1903;435;220;75;20;5
17;28;1950;455;230;75;20;5
17;29;1999;470;235;80;20;5
17;30;2049;490;245;80;20;5
17;31;2100;510;255;85;20;5
17;32;2152;535;270;90;25;5
17;33;2206;550;275;90;25;5
17;34;2261;575;290;95;25;5
17;35;2318;595;300;100;25;5
17;36;2376;615;310;105;25;5
17;37;2435;635;320;105;25;5
17;38;2496;655;330;110;30;5
17;39;2559;675;340;115;30;5
17;40;2622;700;350;115;30;5
17;41;2688;720;360;120;30;5
17;42;2755;740;370;125;30;5
17;43;2824;760;380;125;30;5
17;44;2895;785;395;130;35;5
17;45;2967;805;405;135;35;5
17;46;3041;825;415;140;35;5
17;47;3117;850;425;140;35;5
17;48;3195;870;435;145;35;5
17;49;3275;890;445;150;40;10
17;50;3357;915;460;155;40;10
17;51;3441;935;470;155;40;10
17;52;3527;960;480;160;40;10
17;53;3615;980;490;165;40;10
17;54;3705;1005;505;170;45;10
17;55;3798;1025;515;170;45;10
17;56;3893;1050;525;175;45;10
17;57;3990;1070;535;180;45;10
17;58;4090;1095;550;185;45;10
17;59;4192;1115;560;185;45;10
17;60;4297;1140;570;190;50;10
17;61;4404;1160;580;195;50;10
17;62;4514;1185;595;200;50;10
17;63;4627;1210;605;200;50;10
17;64;4743;1230;615;205;50;10
17;65;4861;1255;630;210;55;10
17;66;4983;1280;640;215;55;10
17;67;5108;1300;650;215;55;10
17;68;5235;1325;665;220;55;10
17;69;5366;1350;675;225;55;10
17;70;5500;1370;685;230;60;10
17;71;5638;1395;700;235;60;10
17;72;5779;1420;710;235;60;10
17;73;5923;1445;725;240;60;10
17;74;6071;1470;735;245;60;10
17;75;6223;1490;745;250;65;15
17;76;6379;1515;760;255;65;15
17;77;6538;1540;770;255;65;15
17;78;6701;1565;785;260;65;15
17;79;6869;1590;795;265;65;15
17;80;7041;1615;810;270;70;15
18;1;90;10;5;0;0;0
18;2;150;15;10;5;0;0
18;3;260;30;15;5;0;0
18;4;390;40;20;5;0;0
18;5;540;55;30;10;5;0
18;6;670;70;35;10;5;0
18;7;830;85;45;15;5;0
18;8;990;100;50;15;5;0
18;9;1140;115;60;20;5;0
18;10;1300;130;65;20;5;0
18;11;1333;150;75;25;5;0
18;12;1366;165;85;30;10;0
18;13;1400;185;95;30;10;0
18;14;1435;200;100;35;10;0
18;15;1471;220;110;35;10;0
18;16;1508;235;120;40;10;0
18;17;1546;255;130;45;10;0
18;18;1584;275;140;45;10;0
18;19;1624;295;150;50;15;5
18;20;1665;310;155;50;15;5
18;21;1706;330;165;55;15;5
18;22;1749;350;175;60;15;5
18;23;1793;370;185;60;15;5
18;24;1837;390;195;65;15;5
18;25;1883;410;205;70;20;5
18;26;1930;430;215;70;20;5
18;27;1979;450;225;75;20;5
18;28;2028;470;235;80;20;5
18;29;2079;490;245;80;20;5
18;30;2131;510;255;85;20;5
18;31;2184;530;265;90;25;5
18;32;2239;550;275;90;25;5
18;33;2294;575;290;95;25;5
18;34;2352;595;300;100;25;5
18;35;2411;615;310;105;25;5
18;36;2471;635;320;105;25;5
18;37;2533;660;330;110;30;5
18;38;2596;680;340;115;30;5
18;39;2661;700;350;115;30;5
18;40;2727;725;365;120;30;5
18;41;2796;745;375;125;30;5
18;42;2865;770;385;130;35;5
18;43;2937;790;395;130;35;5
18;44;3010;810;405;135;35;5
18;45;3086;835;420;140;35;5
18;46;3163;855;430;145;35;5
18;47;3242;880;440;145;35;5
18;48;3323;905;455;150;40;10
18;49;3406;925;465;155;40;10
18;50;3491;950;475;160;40;10
18;51;3578;970;485;160;40;10
18;52;3668;995;500;165;40;10
18;53;3759;1015;510;170;45;10
18;54;3853;1040;520;175;45;10
18;55;3950;1065;535;180;45;10
18;56;4049;1085;545;180;45;10
18;57;4150;1110;555;185;45;10
18;58;4253;1135;570;190;50;10
18;59;4360;1160;580;195;50;10
18;60;4469;1180;590;195;50;10
18;61;4580;1205;605;200;50;10
18;62;4695;1230;615;205;50;10
18;63;4812;1255;630;210;55;10
18;64;4933;1275;640;215;55;10
18;65;5056;1300;650;215;55;10
18;66;5182;1325;665;220;55;10
18;67;5312;1350;675;225;55;10
18;68;5445;1375;690;230;60;10
18;69;5581;1400;700;235;60;10
18;70;5720;1425;715;240;60;10
18;71;5863;1450;725;240;60;10
18;72;6010;1470;735;245;60;10
18;73;6160;1500;750;250;65;15
18;74;6314;1520;760;255;65;15
18;75;6472;1545;775;260;65;15
18;76;6634;1570;785;260;65;15
18;77;6799;1595;800;265;65;15
18;78;6969;1620;810;270;70;15
18;79;7144;1650;825;275;70;15
18;80;7322;1670;835;280;70;15
19;1;100;10;5;0;0;0
19;2;140;15;10;5;0;0
19;3;280;30;15;5;0;0
19;4;400;40;20;5;0;0
19;5;560;60;30;10;5;0
19;6;700;70;35;10;5;0
19;7;850;90;45;15;5;0
19;8;1020;105;55;20;5;0
19;9;1180;120;60;20;5;0
19;10;1350;135;70;25;5;0
19;11;1384;155;80;25;5;0
19;12;1419;170;85;30;10;0
19;13;1454;190;95;30;10;0
19;14;1491;210;105;35;10;0
19;15;1528;225;115;40;10;0
19;16;1566;245;125;40;10;0
19;17;1605;265;135;45;10;0
19;18;1645;285;145;50;15;5
19;19;1686;305;155;50;15;5
19;20;1729;325;165;55;15;5
19;21;1772;340;170;55;15;5
19;22;1816;360;180;60;15;5
19;23;1861;380;190;65;15;5
19;24;1908;405;205;70;20;5
19;25;1956;425;215;70;20;5
19;26;2005;445;225;75;20;5
19;27;2055;465;235;80;20;5
19;28;2106;485;245;80;20;5
19;29;2159;505;255;85;20;5
19;30;2213;530;265;90;25;5
19;31;2268;550;275;90;25;5
19;32;2325;570;285;95;25;5
19;33;2383;595;300;100;25;5
19;34;2442;615;310;105;25;5
19;35;2503;635;320;105;25;5
19;36;2566;660;330;110;30;5
19;37;2630;680;340;115;30;5
19;38;2696;705;355;120;30;5
19;39;2763;725;365;120;30;5
19;40;2832;750;375;125;30;5
19;41;2903;770;385;130;35;5
19;42;2976;795;400;135;35;5
19;43;3050;820;410;135;35;5
19;44;3126;840;420;140;35;5
19;45;3204;865;435;145;35;5
19;46;3284;890;445;150;40;10
19;47;3367;910;455;150;40;10
19;48;3451;935;470;155;40;10
19;49;3537;960;480;160;40;10
19;50;3625;980;490;165;40;10
19;51;3716;1005;505;170;45;10
19;52;3809;1030;515;170;45;10
19;53;3904;1055;530;175;45;10
19;54;4002;1080;540;180;45;10
19;55;4102;1100;550;185;45;10
19;56;4204;1125;565;190;50;10
19;57;4309;1150;575;190;50;10
19;58;4417;1175;590;195;50;10
19;59;4527;1200;600;200;50;10
19;60;4641;1225;615;205;50;10
19;61;4757;1250;625;210;55;10
19;62;4876;1275;640;215;55;10
19;63;4997;1300;650;215;55;10
19;64;5122;1325;665;220;55;10
19;65;5250;1350;675;225;55;10
19;66;5382;1375;690;230;60;10
19;67;5516;1400;700;235;60;10
19;68;5654;1425;715;240;60;10
19;69;5795;1450;725;240;60;10
19;70;5940;1475;740;245;60;10
19;71;6089;1500;750;250;65;15
19;72;6241;1525;765;255;65;15
19;73;6397;1550;775;260;65;15
19;74;6557;1575;790;265;65;15
19;75;6721;1600;800;265;65;15
19;76;6889;1630;815;270;70;15
19;77;7061;1655;830;275;70;15
19;78;7237;1680;840;280;70;15
19;79;7418;1705;855;285;70;15
19;80;7604;1730;865;290;75;15
